"filename", "language", "C", "C++", "comment", "blank", "total"
"d:\Desktop\Learn\AgroTech\番茄樱桃采摘系统\下位机\STM32\src\app\a_board.c", "C", 4, 0, 1, 2, 7
"d:\Desktop\Learn\AgroTech\番茄樱桃采摘系统\下位机\STM32\src\app\a_board.h", "C++", 0, 2, 0, 3, 5
"d:\Desktop\Learn\AgroTech\番茄樱桃采摘系统\下位机\STM32\src\app\a_fsm.c", "C", 190, 0, 88, 42, 320
"d:\Desktop\Learn\AgroTech\番茄樱桃采摘系统\下位机\STM32\src\app\a_fsm.h", "C++", 0, 28, 33, 12, 73
"d:\Desktop\Learn\AgroTech\番茄樱桃采摘系统\下位机\STM32\src\driver\d_encoder.c", "C", 0, 0, -1, 1, 0
"d:\Desktop\Learn\AgroTech\番茄樱桃采摘系统\下位机\STM32\src\driver\d_encoder.h", "C++", 0, 1, 0, 0, 1
"d:\Desktop\Learn\AgroTech\番茄樱桃采摘系统\下位机\STM32\src\main.c", "C", -2, 0, 0, -1, -3
"d:\Desktop\Learn\AgroTech\番茄樱桃采摘系统\下位机\STM32\src\main.h", "C", -12, 0, -6, -5, -23
"d:\Desktop\Learn\AgroTech\番茄樱桃采摘系统\下位机\STM32\src\service\s_wireless_comms.c", "C", 2, 0, 0, 0, 2
"d:\Desktop\Learn\AgroTech\番茄樱桃采摘系统\下位机\STM32\src\service\s_wireless_comms.h", "C++", 0, 2, 0, -1, 1
"Total", "-", 182, 33, 115, 53, 383