"filename", "language", "C++", "C", "comment", "blank", "total"
"d:\Desktop\Learn\AgroTech\番茄樱桃采摘系统\下位机\STM32\src\app\a_board.c", "C", 0, 92, 20, 23, 135
"d:\Desktop\Learn\AgroTech\番茄樱桃采摘系统\下位机\STM32\src\app\a_board.h", "C++", 24, 0, 6, 11, 41
"d:\Desktop\Learn\AgroTech\番茄樱桃采摘系统\下位机\STM32\src\app\a_fsm.c", "C", 0, 190, 88, 42, 320
"d:\Desktop\Learn\AgroTech\番茄樱桃采摘系统\下位机\STM32\src\app\a_fsm.h", "C++", 28, 0, 33, 12, 73
"d:\Desktop\Learn\AgroTech\番茄樱桃采摘系统\下位机\STM32\src\driver\d_encoder.c", "C", 0, 48, 38, 18, 104
"d:\Desktop\Learn\AgroTech\番茄樱桃采摘系统\下位机\STM32\src\driver\d_encoder.h", "C++", 19, 0, 28, 10, 57
"d:\Desktop\Learn\AgroTech\番茄樱桃采摘系统\下位机\STM32\src\driver\d_gripper.c", "C", 0, 67, 45, 18, 130
"d:\Desktop\Learn\AgroTech\番茄樱桃采摘系统\下位机\STM32\src\driver\d_gripper.h", "C++", 18, 0, 40, 9, 67
"d:\Desktop\Learn\AgroTech\番茄樱桃采摘系统\下位机\STM32\src\driver\d_relay.c", "C", 0, 52, 30, 15, 97
"d:\Desktop\Learn\AgroTech\番茄樱桃采摘系统\下位机\STM32\src\driver\d_relay.h", "C++", 24, 0, 24, 10, 58
"d:\Desktop\Learn\AgroTech\番茄樱桃采摘系统\下位机\STM32\src\hal\can.c", "C", 0, 110, 36, 26, 172
"d:\Desktop\Learn\AgroTech\番茄樱桃采摘系统\下位机\STM32\src\hal\can.h", "C++", 35, 0, 19, 11, 65
"d:\Desktop\Learn\AgroTech\番茄樱桃采摘系统\下位机\STM32\src\hal\dwt.c", "C", 0, 17, 24, 14, 55
"d:\Desktop\Learn\AgroTech\番茄樱桃采摘系统\下位机\STM32\src\hal\dwt.h", "C++", 31, 0, 6, 11, 48
"d:\Desktop\Learn\AgroTech\番茄樱桃采摘系统\下位机\STM32\src\hal\systick.c", "C", 0, 23, 35, 15, 73
"d:\Desktop\Learn\AgroTech\番茄樱桃采摘系统\下位机\STM32\src\hal\systick.h", "C++", 11, 0, 6, 7, 24
"d:\Desktop\Learn\AgroTech\番茄樱桃采摘系统\下位机\STM32\src\hal\timer.c", "C", 0, 166, 33, 33, 232
"d:\Desktop\Learn\AgroTech\番茄樱桃采摘系统\下位机\STM32\src\hal\timer.h", "C++", 81, 0, 28, 14, 123
"d:\Desktop\Learn\AgroTech\番茄樱桃采摘系统\下位机\STM32\src\hal\usart.c", "C", 0, 125, 44, 28, 197
"d:\Desktop\Learn\AgroTech\番茄樱桃采摘系统\下位机\STM32\src\hal\usart.h", "C++", 30, 0, 17, 10, 57
"d:\Desktop\Learn\AgroTech\番茄樱桃采摘系统\下位机\STM32\src\main.c", "C", 0, 7, 4, 3, 14
"d:\Desktop\Learn\AgroTech\番茄樱桃采摘系统\下位机\STM32\src\service\s_delay.c", "C", 0, 48, 45, 18, 111
"d:\Desktop\Learn\AgroTech\番茄樱桃采摘系统\下位机\STM32\src\service\s_delay.h", "C++", 13, 0, 6, 7, 26
"d:\Desktop\Learn\AgroTech\番茄樱桃采摘系统\下位机\STM32\src\service\s_log.c", "C", 0, 53, 32, 14, 99
"d:\Desktop\Learn\AgroTech\番茄樱桃采摘系统\下位机\STM32\src\service\s_log.h", "C++", 15, 0, 7, 8, 30
"d:\Desktop\Learn\AgroTech\番茄樱桃采摘系统\下位机\STM32\src\service\s_pid.c", "C", 0, 148, 56, 42, 246
"d:\Desktop\Learn\AgroTech\番茄樱桃采摘系统\下位机\STM32\src\service\s_pid.h", "C++", 61, 0, 84, 16, 161
"d:\Desktop\Learn\AgroTech\番茄樱桃采摘系统\下位机\STM32\src\service\s_wireless_comms.c", "C", 0, 76, 29, 23, 128
"d:\Desktop\Learn\AgroTech\番茄樱桃采摘系统\下位机\STM32\src\service\s_wireless_comms.h", "C++", 11, 0, 7, 8, 26
"Total", "-", 401, 1222, 870, 476, 2969